ID,gender ,ethnicity,age,yearsedu,edutype,married ,ASVABC,HEIGHT,WEIGHT,edu_mothe,edu_father,siblings,exp,wage_rate,hours ,emp_sector,urban,region
5531,1,3,45,12,6,2,60.9,67,200,8,8,11,22.4,53.4,45,2,0,4
2658,1,2,40,12,7,3,33.6,67,205,5,5,3,8.9,8.0,40,2,0,4
5365,1,3,38,15,5,3,38.8,69,185,11,12,3,13.3,24.0,40,2,1,2
4468,1,3,43,13,6,2,57.1,72,250,12,16,2,18.3,29.5,40,2,1,3
3142,1,3,38,18,3,2,65.5,76,220,16,20,1,13.8,32.0,54,1,1,1
2170,1,1,39,16,0,2,55.4,69,215,12,12,2,11.7,14.7,40,2,1,4
2344,1,3,40,14,5,1,36.4,65,145,12,12,1,19.5,13.0,48,2,1,4
4583,1,3,37,12,6,1,56.5,69,140,8,13,10,15.2,11.3,40,2,1,3
2517,1,3,39,12,6,2,60.6,72,240,12,12,3,14.4,18.0,40,1,1,2
3563,1,3,42,12,6,2,44.0,70,210,10,8,9,22.0,11.8,40,2,1,2
5419,1,3,41,17,4,2,62.8,73,195,12,12,3,16.4,27.3,50,2,1,2
1420,1,3,39,8,7,1,50.0,75,190,12,12,2,18.9,16.0,40,2,0,4
2291,1,3,37,16,4,2,63.9,74,205,17,16,1,16.1,29.5,47,2,0,4
4831,1,3,37,18,3,1,62.8,70,150,13,16,4,13.3,23.1,40,1,1,2
2893,1,3,42,19,3,2,65.3,67,150,16,17,1,17.3,55.0,51,2,0,1
2998,1,3,41,12,6,2,54.4,70,222,11,9,4,22.4,12.3,50,2,1,4
3887,1,3,40,20,1,2,66.1,75,280,14,17,2,10.9,109.6,50,2,0,2
39,1,3,43,12,6,2,47.5,72,195,12,12,4,22.6,28.8,50,2,1,4
520,1,1,44,16,4,2,42.1,71,225,12,8,7,20.3,17.6,60,2,1,2
674,1,1,41,12,6,2,32.0,69,215,10,11,6,18.6,14.2,60,2,1,2
11809,1,3,38,16,4,1,54.9,74,242,12,12,1,15.2,21.9,40,2,1,4
2090,1,3,38,12,7,3,37.7,67,160,12,12,6,16.5,11.4,36,2,1,2
1560,1,3,41,12,6,2,47.0,64,195,12,18,1,13.9,11.4,35,2,1,3
547,1,3,44,11,7,2,52.2,69,225,9,16,5,21.6,21.7,50,2,0,2
2106,1,3,43,12,6,2,54.1,74,225,12,12,1,22.7,16.0,58,2,0,2
4360,1,3,45,16,4,2,60.6,80,238,10,8,3,19.4,28.2,45,2,1,4
3390,1,1,42,20,0,2,62.5,69,240,17,17,2,16.4,30.5,45,2,1,2
5024,1,3,44,12,6,2,51.1,71,220,18,14,4,23.2,15.3,50,3,1,4
3493,1,3,44,12,6,2,57.9,70,300,10,10,3,20.4,14.0,40,2,1,4
5470,1,3,40,12,6,1,51.1,66,165,5,6,10,19.2,15.0,40,2,1,4
4840,1,3,39,15,5,1,59.8,71,240,12,10,2,13.2,8.6,40,2,0,2
1961,1,3,44,12,6,2,54.9,71,190,12,17,5,23.4,21.5,40,2,1,1
2391,1,3,44,12,6,2,50.8,72,300,12,12,3,16.9,7.5,40,2,1,3
4470,1,3,39,18,3,2,53.0,72,190,12,15,2,7.0,21.9,50,1,1,2
3195,1,3,42,12,6,2,59.5,65,182,12,12,2,22.6,14.1,50,2,1,1
1386,1,1,41,12,6,2,41.5,68,175,14,12,4,9.6,15.8,47,2,0,4
3706,1,3,45,13,6,2,54.4,72,235,12,12,4,23.0,20.2,50,2,1,3
1055,1,3,42,16,4,2,60.9,72,180,12,16,1,18.0,8.3,14,1,1,2
2595,1,3,42,12,6,2,40.7,65,165,12,12,1,20.6,9.6,40,2,2,4
3420,1,3,43,14,6,1,59.3,72,230,16,14,2,21.5,26.4,40,2,1,3
3059,1,3,45,12,6,3,41.8,71,210,12,12,5,23.0,21.4,40,2,0,1
5579,1,3,40,12,6,2,53.3,72,280,10,12,3,22.3,41.3,40,2,1,4
5197,1,3,39,17,6,2,54.1,65,155,12,16,1,11.3,25.0,60,1,1,3
3468,1,3,43,15,5,2,64.7,72,195,12,12,2,20.5,19.4,40,2,1,3
1099,1,3,42,14,5,2,58.7,73,210,16,16,4,15.6,21.4,45,2,1,4
2861,1,3,39,17,3,2,65.3,69,190,14,15,1,15.5,39.9,55,2,1,1
342,1,3,39,16,0,2,64.4,70,165,12,16,3,17.2,38.5,40,2,0,1
3232,1,3,45,14,5,2,58.2,67,220,12,8,4,21.0,12.5,40,1,0,1
5395,1,3,38,17,4,2,53.5,76,185,12,12,2,14.6,10.0,45,2,0,2
2178,1,3,38,16,6,3,56.3,75,250,12,16,3,11.9,19.2,40,1,0,4
1239,1,3,41,13,6,2,49.2,63,168,12,12,1,17.7,18.8,45,1,1,4
2116,1,3,41,12,6,2,39.4,72,190,12,12,5,20.2,10.0,30,2,0,4
2633,1,3,39,16,4,2,65.5,72,215,12,13,2,14.7,29.2,48,2,1,2
776,1,3,41,17,4,2,63.9,69,165,12,13,2,15.4,59.0,44,2,1,2
5521,1,3,41,12,6,2,59.8,73,205,12,6,2,21.2,10.0,40,2,0,4
2309,1,1,41,12,6,1,43.2,71,180,6,6,10,9.5,5.2,36,2,1,4
644,1,3,44,20,1,2,60.9,72,184,12,14,2,14.2,54.5,60,2,1,3
3985,1,3,44,13,6,2,47.3,72,210,10,11,5,20.4,26.7,50,2,0,2
3712,1,3,40,16,4,2,57.1,71,175,16,18,4,15.8,19.8,48,2,0,2
4764,1,3,42,12,7,2,48.9,73,185,12,12,3,21.9,19.0,50,2,1,2
4143,1,3,39,12,6,3,56.0,70,190,12,13,2,20.4,16.9,48,1,1,4
1527,1,1,45,12,6,2,31.2,68,165,11,10,6,21.4,12.0,40,1,1,4
1002,1,1,39,12,6,1,31.2,67,175,10,12,5,12.2,6.0,35,2,1,2
4349,1,3,38,10,7,1,27.9,64,150,14,12,4,13.6,7.5,35,2,1,2
4688,1,3,42,16,4,2,63.9,75,220,16,16,1,19.0,31.5,55,2,1,2
1963,1,3,41,12,6,2,56.0,69,195,12,12,2,23.1,19.9,60,2,1,1
2314,1,3,45,12,6,2,57.4,68,170,10,9,1,22.8,20.9,40,1,0,4
4760,1,3,38,17,4,1,63.1,73,225,14,15,1,12.7,18.2,37,1,1,2
2649,1,2,41,18,4,1,64.7,75,280,4,14,8,10.7,15.4,40,1,1,4
393,1,3,39,13,6,2,57.6,72,225,11,12,3,18.4,25.0,50,2,1,1
3140,1,3,43,13,6,2,52.2,72,215,12,12,3,22.7,29.3,40,1,1,4
4443,1,3,42,12,6,2,44.0,76,230,14,12,2,18.8,8.8,30,2,1,3
5398,1,3,39,16,4,3,59.8,73,225,8,8,3,17.9,38.5,45,2,1,2
2010,1,3,44,19,4,2,58.4,74,180,16,18,1,18.0,47.0,45,2,1,3
2614,1,3,42,12,6,2,45.4,68,170,9,12,3,3.0,17.3,40,2,1,1
3495,1,3,45,12,6,2,52.7,66,154,9,10,3,22.7,23.1,45,2,1,2
3484,1,3,37,12,7,1,30.9,65,165,5,12,3,15.5,11.0,46,3,1,2
3391,1,1,43,17,4,2,66.1,75,250,16,18,4,14.2,27.0,43,2,1,2
1122,1,2,45,16,4,2,65.5,73,235,12,17,2,14.0,27.0,55,2,0,4
2741,1,3,45,12,6,2,56.0,71,240,11,4,2,22.8,11.3,40,2,0,4
1744,1,3,41,13,6,3,57.4,68,250,14,12,3,18.6,25.0,40,2,1,3
1721,1,2,43,12,7,2,35.0,65,175,2,2,10,23.2,75.6,40,2,1,3
1000,1,1,41,14,6,3,57.6,71,230,16,12,4,12.3,25.1,40,2,1,2
1418,1,2,37,12,6,2,48.6,71,250,9,12,2,19.1,12.8,50,2,0,4
3595,1,3,41,12,6,3,52.2,75,230,12,13,8,17.3,24.0,46,2,0,2
3833,1,3,38,12,6,3,50.3,72,205,12,12,2,17.6,13.3,45,2,1,2
605,1,3,39,12,6,3,52.7,73,228,11,12,5,20.0,20.0,48,2,1,2
2055,1,3,43,12,6,2,63.4,74,320,12,12,3,17.1,11.0,40,2,1,2
4517,1,3,42,16,5,2,45.9,75,200,12,12,2,18.8,35.0,56,2,1,3
3307,1,1,45,15,0,1,37.5,71,165,14,15,1,20.7,9.7,25,2,1,1
3037,1,3,43,12,6,2,59.0,72,220,12,15,6,23.2,24.8,45,1,0,1
2477,1,3,37,15,6,1,51.4,71,195,18,19,1,16.7,17.5,40,2,0,2
2613,1,3,43,13,0,2,63.4,69,185,10,12,5,20.8,20.7,40,2,2,4
1569,1,3,40,16,4,2,58.2,74,185,12,12,4,15.5,23.2,40,1,1,3
4278,1,3,42,12,6,2,56.8,72,260,12,12,6,23.3,19.5,40,2,1,4
1429,1,3,44,16,4,1,58.4,69,200,10,20,3,16.6,16.8,40,2,1,4
2188,1,3,38,14,6,1,41.5,72,200,12,14,1,16.9,9.7,48,2,0,4
1058,1,1,38,13,6,1,44.3,72,192,13,8,2,16.3,13.0,40,2,1,2
2468,1,3,39,16,4,3,62.3,75,260,14,16,1,18.5,76.9,50,2,1,3
4299,1,3,38,16,4,2,58.7,69,155,12,12,3,13.4,16.7,45,1,1,4
1333,1,3,43,12,6,1,25.5,64,120,8,0,0,17.3,5.0,20,2,0,4
4297,1,3,41,13,6,2,51.9,70,200,12,18,4,23.3,26.2,55,2,1,4
3033,1,1,44,18,4,2,59.8,71,195,15,12,3,18.9,63.5,50,2,1,4
4791,1,3,45,12,6,2,41.0,73,205,12,12,6,23.1,13.9,40,2,1,2
2470,1,3,39,12,6,2,55.2,73,200,13,10,1,21.1,7.7,60,3,0,2
11947,1,2,40,12,6,2,38.3,68,190,8,0,12,19.4,40.6,45,2,1,2
2666,1,2,38,9,7,2,30.9,66,168,8,5,2,21.4,6.5,40,1,1,4
4813,1,3,37,14,5,2,51.9,77,200,16,16,1,18.3,26.0,40,2,0,2
196,1,3,37,18,3,2,63.6,72,215,20,16,1,13.9,57.3,45,2,1,1
3875,1,3,39,16,4,2,62.3,75,180,16,15,2,15.7,24.7,53,2,1,4
3202,1,3,43,12,6,3,48.4,70,220,10,8,4,21.7,14.3,40,2,1,1
3634,1,3,37,9,7,3,34.7,67,140,12,11,4,16.5,7.2,40,2,1,2
489,1,3,41,14,6,2,58.7,73,190,12,18,3,19.6,34.2,45,2,1,2
3780,1,3,38,12,6,2,52.7,73,225,12,10,1,15.5,24.0,40,2,1,2
5147,1,2,44,12,5,2,52.4,75,238,14,6,3,22.8,32.0,45,2,1,3
813,1,3,42,20,3,2,63.4,72,155,12,13,1,15.7,14.1,40,2,1,2
868,1,3,41,19,6,2,63.9,71,200,15,18,3,15.2,16.8,40,1,0,2
90,1,3,43,16,4,2,62.3,72,165,5,4,2,21.2,44.3,41,2,1,1
4313,1,1,38,12,7,3,36.4,71,170,11,10,6,9.1,7.5,40,2,1,4
945,1,3,43,16,4,1,53.5,70,168,12,12,1,21.1,10.7,60,1,1,2
4129,1,3,39,14,5,2,55.2,67,175,6,6,4,15.6,14.2,40,2,0,4
1957,1,3,42,12,6,2,37.2,75,170,12,12,3,22.4,9.4,16,2,1,1
730,1,3,41,15,4,2,57.6,72,180,12,12,3,17.5,36.0,48,2,0,2
669,1,3,41,12,6,3,60.9,70,150,11,8,4,19.3,13.3,40,2,1,2
5402,1,3,43,12,6,2,42.1,72,230,12,18,6,21.6,19.2,40,2,1,2
2550,1,3,42,16,4,2,58.2,70,208,12,18,3,19.5,15.7,45,2,1,2
616,1,3,39,12,6,2,33.1,64,135,9,9,3,19.5,14.5,40,2,1,2
2264,1,1,42,12,6,3,48.6,71,265,12,10,0,21.9,13.6,40,2,0,4
5558,1,3,40,12,6,2,26.8,72,220,6,3,3,20.5,13.8,60,2,0,4
11998,1,3,42,18,4,2,63.4,68,190,15,13,1,9.3,44.2,40,2,0,4
4832,1,3,41,14,5,2,60.9,71,175,9,12,2,18.7,33.7,40,2,0,2
11945,1,2,37,13,5,2,35.3,66,185,3,3,8,14.2,15.0,50,2,1,4
3676,1,3,41,16,5,2,63.4,71,170,12,16,5,18.0,26.9,50,2,1,2
11791,1,3,38,16,4,2,52.4,69,190,12,8,2,14.6,57.7,50,2,1,2
18,1,3,44,13,6,3,65.3,66,170,12,16,2,22.1,114.0,27,2,1,3
684,1,3,42,12,6,2,44.8,72,263,12,12,2,22.2,33.2,42,2,1,2
2043,1,3,45,17,4,2,62.3,72,175,6,13,11,18.3,40.1,42,1,0,2
2980,1,3,44,20,2,2,65.3,69,165,16,12,1,16.9,22.2,50,2,0,2
540,1,3,39,12,6,2,40.2,69,230,8,8,3,16.7,16.3,40,2,1,3
1081,1,3,40,14,5,1,55.4,69,230,16,16,3,18.3,15.0,45,2,1,4
3139,1,3,38,16,4,2,58.7,67,180,12,10,1,16.4,8.9,45,2,1,1
955,1,3,43,12,6,1,51.9,73,185,12,12,2,22.5,16.0,40,2,1,2
2172,1,3,39,14,5,2,49.4,72,248,13,9,1,17.0,18.0,47,2,0,4
2191,1,3,44,12,6,2,52.7,76,400,10,11,1,22.6,11.3,45,2,1,4
4380,1,3,45,13,6,2,63.6,76,250,12,20,9,22.3,18.5,53,2,1,3
4646,1,3,42,12,6,2,48.9,67,190,11,10,8,21.8,25.0,40,2,1,3
4695,1,1,43,16,4,2,63.9,73,248,16,16,0,19.2,38.5,40,2,1,4
4701,1,3,42,12,6,2,55.4,70,210,12,16,2,22.2,45.3,53,2,0,1
3591,1,3,41,12,6,3,60.1,70,185,12,12,6,23.0,26.8,38,2,1,2
11976,1,2,39,12,6,1,36.9,72,282,5,14,6,21.0,12.4,35,1,1,1
2032,1,3,37,12,6,3,39.6,74,300,12,15,2,19.0,12.8,47,2,1,2
1950,1,3,40,16,4,1,51.6,77,310,12,16,1,17.1,16.1,45,2,1,1
2509,1,3,40,16,4,2,60.1,71,220,12,17,3,18.6,30.0,45,2,1,2
4303,1,3,38,12,6,2,51.9,72,202,12,14,2,18.8,15.2,50,2,1,4
3838,1,3,37,12,6,1,47.0,72,210,12,12,3,17.9,19.2,50,2,1,2
2702,1,2,44,16,4,2,59.8,68,172,5,0,8,21.2,19.0,43,2,1,4
1268,1,3,43,16,4,2,65.0,73,190,12,12,2,8.7,27.1,55,2,0,4
488,1,3,38,12,6,3,48.6,68,190,15,14,4,9.7,19.2,42,1,0,4
12056,1,3,42,15,6,2,61.2,76,270,16,14,2,13.0,2.5,60,3,1,4
12100,1,3,40,12,6,2,54.1,71,185,8,16,3,21.0,16.6,40,1,1,3
2870,1,3,40,18,3,2,61.7,68,205,15,16,5,9.3,22.4,46,2,1,1
408,1,3,41,12,6,2,65.0,73,250,12,12,5,22.8,28.8,40,2,0,1
1651,1,2,39,12,6,2,56.0,71,250,11,9,3,21.3,33.2,40,2,1,3
4390,1,3,38,12,6,2,41.5,68,176,12,8,2,19.1,15.0,40,2,1,3
5359,1,3,44,12,6,1,62.8,70,300,12,12,3,23.2,11.0,40,2,1,2
1784,1,3,38,15,5,2,58.4,68,240,12,15,1,10.9,39.5,40,2,1,3
2341,1,3,41,14,5,2,62.0,70,175,12,12,3,20.8,31.3,40,2,0,4
2547,1,1,37,12,6,3,45.9,69,175,12,8,3,15.4,18.6,40,2,0,2
2091,1,3,39,9,7,2,29.8,73,145,11,5,10,14.1,9.0,32,1,1,2
3971,1,3,39,19,3,2,65.8,74,220,14,11,2,8.2,32.7,50,1,1,4
3215,1,3,44,12,6,3,57.9,70,160,12,16,5,22.8,17.3,40,1,1,1
2378,1,3,37,15,6,2,51.4,72,215,11,12,3,18.1,15.7,40,1,1,3
4977,1,3,42,8,7,1,36.4,67,200,12,6,3,15.3,8.0,40,2,1,4
12050,1,1,43,13,6,3,50.5,66,175,11,12,7,19.2,14.0,50,2,1,4
2816,1,3,41,12,6,1,36.9,73,188,7,12,0,19.8,26.2,44,2,0,4
944,1,3,42,18,3,1,65.3,70,160,12,12,0,18.7,24.5,38,1,1,2
201,1,3,45,16,4,2,63.9,70,195,13,20,1,20.2,105.7,55,2,0,1
12093,1,3,38,12,6,2,51.1,75,190,12,12,2,20.3,15.0,41,2,0,4
2999,1,3,43,13,6,3,59.3,66,165,8,8,3,21.5,15.9,52,2,1,1
2976,1,3,38,12,6,2,57.9,68,215,12,14,3,19.3,21.2,48,1,1,1
2800,1,3,40,18,3,3,64.7,71,250,12,12,1,11.9,50.2,46,2,1,2
12110,1,3,37,16,4,2,53.5,74,220,12,12,3,15.6,35.0,45,2,1,2
5456,1,3,38,12,6,3,34.7,68,150,5,0,3,16.1,9.4,48,2,0,4
4261,1,3,43,8,7,3,40.7,67,186,10,12,1,20.8,18.0,40,2,1,4
3967,1,2,44,16,4,2,60.6,73,200,14,18,1,21.7,41.0,45,2,1,4
815,1,3,42,12,6,2,58.7,69,165,16,17,1,20.9,10.0,45,2,1,2
4394,1,3,41,12,6,2,53.3,73,205,16,17,3,21.1,65.1,25,3,1,3
797,1,3,40,12,6,2,55.2,73,260,11,12,2,19.4,25.9,40,2,1,2
769,1,3,41,12,6,1,46.7,70,155,12,12,1,18.1,17.8,40,2,1,2
4983,1,3,38,12,7,2,38.0,69,190,8,8,9,18.8,16.5,40,2,1,4
5307,1,3,42,12,6,2,43.2,73,210,10,6,6,21.4,12.2,40,2,0,2
4508,1,3,44,16,4,1,57.9,76,242,16,18,3,19.7,25.6,45,2,1,3
5407,1,3,38,10,7,1,38.5,66,150,12,10,1,17.5,14.0,40,2,0,3
139,1,3,38,15,6,2,59.5,68,155,16,16,4,15.7,28.8,50,2,1,4
3612,1,3,39,12,6,3,45.6,71,210,12,12,4,14.7,13.3,40,2,1,2
119,1,3,45,16,6,1,46.2,71,178,11,8,2,19.9,18.8,40,2,1,1
5020,1,3,44,17,4,1,64.4,71,180,19,20,2,15.0,33.7,40,2,1,3
2838,1,3,40,16,4,2,64.2,68,185,12,8,2,11.9,26.5,45,1,1,3
11776,1,1,44,10,7,2,44.8,65,198,10,8,2,21.7,13.7,42,2,1,1
5306,1,3,38,12,7,2,43.7,70,200,9,9,4,17.1,10.8,50,2,0,2
3561,1,3,38,12,6,1,30.9,69,230,12,10,4,17.7,15.6,48,2,1,2
3569,1,3,38,12,6,2,40.5,73,230,12,12,4,19.6,15.6,50,2,0,2
12088,1,3,41,16,4,2,65.0,72,255,13,14,3,19.9,17.0,40,1,0,2
2584,1,3,37,12,6,3,33.9,76,206,8,2,12,15.2,12.0,40,2,2,4
2187,1,3,40,13,6,3,47.0,68,230,12,14,1,21.7,30.0,50,2,0,4
3290,1,3,41,20,3,2,63.9,73,220,12,12,2,17.4,41.2,50,2,0,3
1802,1,3,38,12,6,3,57.6,74,220,12,16,5,17.7,13.0,40,2,1,3
2772,1,1,38,12,6,2,37.2,72,245,12,16,10,18.5,8.0,40,1,0,4
1288,1,1,44,14,5,2,38.0,72,245,10,9,9,19.9,11.6,40,1,1,4
3346,1,3,39,12,6,1,36.6,67,180,12,12,2,19.3,17.5,60,2,1,2
701,1,3,42,9,7,1,36.4,67,125,12,12,2,15.3,6.5,38,2,1,2
4513,1,2,43,15,6,3,59.5,68,210,11,11,2,20.1,18.6,40,2,1,3
4900,1,3,45,12,6,2,55.7,70,190,12,7,2,21.1,18.8,40,2,0,4
1456,1,3,39,12,6,3,47.5,71,180,12,11,2,9.8,8.0,40,2,0,4
4755,1,3,40,12,6,2,53.0,67,200,12,12,3,17.3,17.8,48,2,0,2
870,1,3,39,12,6,2,34.7,72,170,9,12,5,19.2,8.9,40,2,1,2
3235,1,3,42,12,6,2,60.6,65,185,12,10,4,23.0,10.6,40,2,2,1
412,1,3,37,14,5,2,56.3,72,220,11,12,2,10.9,15.6,40,1,0,1
1964,1,3,45,12,6,3,49.4,71,175,12,8,3,22.1,9.1,44,2,1,1
387,1,1,39,12,6,1,29.8,74,190,10,7,4,14.1,10.5,38,2,1,1
1672,1,3,39,12,6,1,57.9,73,205,12,8,3,16.5,3.8,40,2,1,3
1925,1,3,41,12,6,2,58.7,75,240,12,12,2,23.1,11.5,44,2,0,1
1966,1,3,41,12,6,2,60.4,70,162,17,14,3,17.2,21.6,48,2,1,4
2335,1,3,45,13,6,3,62.3,74,165,12,10,1,22.1,21.4,45,2,1,4
2939,1,3,44,15,4,2,65.3,74,227,18,20,2,22.8,27.8,45,2,1,1
697,1,3,45,12,6,2,43.5,67,185,3,12,5,21.5,24.0,40,2,1,2
3873,1,3,42,20,1,1,65.3,75,330,18,18,2,13.3,44.9,60,2,1,2
4359,1,2,43,17,4,2,51.6,68,155,8,12,3,16.5,13.9,55,1,0,3
1601,1,3,40,16,4,2,50.0,71,185,12,12,2,12.6,31.5,55,1,1,2
2089,1,3,39,12,6,3,39.6,74,165,12,12,6,20.2,15.0,40,2,1,2
3482,1,3,43,13,6,2,41.0,64,145,3,1,8,20.3,20.5,40,2,1,2
1433,1,1,39,17,4,2,44.5,69,180,11,12,2,16.1,20.2,40,2,0,4
273,1,3,42,15,5,2,56.5,72,220,12,12,6,21.7,16.1,50,2,1,4
4498,1,3,39,12,6,1,51.9,68,240,9,13,4,15.8,17.0,40,2,1,3
1340,1,3,45,12,6,2,42.4,67,280,11,4,2,17.9,8.4,47,2,0,4
1565,1,3,38,18,4,2,61.7,74,215,13,14,2,14.0,48.1,40,2,1,3
3246,1,3,41,12,6,2,51.9,70,198,12,8,1,22.8,13.3,42,2,1,1
5461,1,3,37,8,7,3,29.8,68,170,7,4,7,17.1,18.7,58,2,0,4
11829,1,1,39,12,6,3,32.0,68,280,11,12,7,20.0,9.2,40,2,1,4
5527,1,3,42,9,7,2,32.8,64,115,8,8,1,20.1,8.5,45,2,0,4
4776,1,3,40,12,6,2,41.0,72,210,10,8,4,17.8,13.5,50,2,1,2
4586,1,3,37,12,6,2,60.4,72,235,13,8,2,17.4,26.5,37,2,1,3
5420,1,3,39,16,4,2,61.7,76,210,12,12,3,17.3,33.2,55,2,1,2
1174,1,3,42,16,4,2,63.9,71,180,14,11,2,20.0,69.2,50,2,0,4
3857,1,3,39,16,4,3,64.2,71,165,12,12,6,16.8,30.6,40,2,1,2
2122,1,3,43,12,6,2,37.7,71,207,10,10,2,15.3,9.8,50,2,0,4
5625,1,3,39,12,6,2,53.0,70,220,11,12,3,18.6,17.5,42,2,1,4
486,1,3,38,12,6,2,48.9,68,195,12,14,2,19.2,42.3,50,3,1,2
4430,1,3,39,15,5,2,60.6,76,260,9,11,4,14.4,22.1,40,2,0,3
686,1,3,38,18,3,1,56.3,72,190,12,12,2,13.3,21.6,40,2,1,2
4166,1,3,42,12,6,3,57.9,71,168,12,12,1,20.6,11.8,55,2,1,4
959,1,3,42,14,6,2,65.0,74,190,15,16,3,19.0,39.9,53,2,1,2
1500,1,3,42,12,6,3,44.0,73,200,6,9,1,22.3,21.0,42,2,0,4
3196,1,3,43,12,6,1,54.9,66,152,12,12,4,23.4,19.6,52,2,1,1
3693,1,3,39,9,7,1,46.5,74,172,14,14,2,21.1,25.0,40,2,1,4
457,1,3,42,16,4,2,59.5,69,195,15,14,2,19.1,19.2,50,2,1,1
3141,1,3,40,16,4,1,64.7,74,225,12,14,2,14.3,33.7,40,2,1,1
2365,1,3,40,12,6,2,47.3,73,260,12,12,3,22.8,15.5,40,2,1,4
189,1,3,43,16,4,1,57.4,74,183,10,12,2,13.5,66.1,45,2,1,4
3680,1,3,39,16,4,2,61.7,73,210,16,14,1,12.9,15.8,45,2,1,2
3229,1,3,38,20,0,2,54.9,68,185,14,16,1,11.7,48.1,40,2,1,3
2516,1,3,40,12,5,2,56.8,71,230,12,12,3,22.4,17.3,40,2,0,2
2460,1,3,42,12,6,2,51.1,72,265,12,6,3,20.7,10.2,40,2,0,2
4008,1,1,44,13,6,1,37.7,68,190,16,16,2,22.0,22.8,55,2,1,4
155,1,3,38,9,6,3,45.1,69,185,12,12,3,19.5,20.8,60,2,1,1
11846,1,2,39,12,6,3,35.3,70,189,6,9,3,6.2,16.4,40,2,1,3
5067,1,3,39,16,6,3,55.7,72,187,12,14,2,16.9,44.7,40,2,0,4
3168,1,3,44,19,0,2,64.4,71,180,14,16,3,1.8,37.1,43,1,1,4
4623,1,3,38,12,6,2,38.5,72,170,12,10,1,12.6,25.0,40,2,1,3
3866,1,3,43,18,3,3,62.5,75,225,12,12,1,17.8,16.5,45,2,1,4
1885,0,3,42,16,4,2,54.1,64,135,12,12,2,13.6,17.6,24,2,1,1
4054,0,3,41,14,0,1,43.2,64,148,14,15,4,18.5,21.0,36,1,1,4
4925,0,3,41,12,0,2,55.7,68,172,12,16,7,22.9,19.5,50,3,0,4
174,0,2,42,13,6,2,52.4,65,148,13,12,1,22.5,20.6,40,2,1,1
883,0,3,37,15,6,1,54.6,64,170,16,16,6,14.6,25.0,40,3,1,2
2918,0,3,44,12,6,2,54.9,66,155,10,12,6,19.9,12.5,20,2,1,1
12097,0,3,39,12,6,2,44.5,67,129,12,11,5,21.4,22.2,24,1,1,3
1539,0,3,44,12,6,2,54.9,64,119,12,10,3,19.6,14.5,40,2,1,3
1385,0,1,38,13,6,3,47.0,60,136,12,10,4,17.6,19.2,40,2,1,4
1155,0,1,40,14,5,2,40.2,60,236,12,12,3,20.4,20.9,40,2,1,4
5478,0,3,45,12,6,2,54.9,63,400,9,10,0,21.4,9.2,40,1,0,4
1727,0,3,38,12,6,2,40.2,63,126,12,12,10,17.6,38.5,45,2,1,3
5189,0,3,39,12,6,2,51.6,62,220,4,9,2,7.8,9.0,40,2,2,3
2272,0,1,41,12,6,3,52.4,65,133,12,12,1,9.2,25.9,40,2,1,4
5315,0,3,42,14,6,3,52.7,67,135,16,12,4,8.8,11.3,24,2,0,2
1598,0,3,38,14,5,2,52.7,64,200,10,12,1,12.1,13.0,40,1,1,3
12066,0,3,42,14,7,2,47.5,67,190,12,12,5,1.2,6.0,32,2,1,2
1799,0,3,38,13,6,2,49.4,68,148,13,12,2,12.2,24.0,50,1,1,3
3754,0,3,40,12,6,3,60.6,61,145,9,8,3,21.6,14.8,40,2,1,2
1787,0,3,39,17,3,2,47.3,64,126,12,12,3,13.0,22.6,40,2,1,3
5283,0,3,41,11,7,3,38.3,65,140,13,13,4,12.7,6.0,40,2,0,2
839,0,1,42,15,5,2,33.4,65,170,12,10,1,13.9,9.6,40,2,1,4
3243,0,3,44,16,4,3,56.5,62,155,14,15,1,21.3,9.6,50,2,0,1
11848,0,1,40,16,4,1,48.9,65,176,12,12,4,12.5,11.5,36,1,0,4
491,0,3,42,12,6,2,38.0,65,180,12,11,3,20.6,30.5,36,2,1,4
254,0,3,41,12,6,3,64.7,64,130,11,8,4,19.3,13.0,38,2,1,1
3537,0,3,44,12,6,2,50.0,68,130,12,14,4,23.2,16.0,35,2,1,2
11886,0,3,44,14,6,2,59.0,65,125,12,12,2,19.4,10.0,40,2,1,2
11834,0,3,43,9,7,1,39.6,69,210,9,12,4,21.4,7.2,38,2,1,4
816,0,3,44,16,4,2,49.2,64,109,12,12,2,10.0,7.3,14,2,1,2
4037,0,3,38,15,5,2,59.8,66,141,12,12,2,13.5,11.8,52,2,1,4
1005,0,3,43,12,7,3,48.9,64,135,12,12,5,15.1,10.5,30,2,1,2
2706,0,2,40,12,6,1,35.3,62,140,0,0,8,15.9,11.5,45,2,1,4
4645,0,2,44,16,0,2,56.3,65,140,12,10,2,14.4,18.3,30,2,0,3
4417,0,2,40,10,7,2,32.0,62,165,6,6,6,13.5,15.0,40,2,1,3
1778,0,3,42,12,6,2,53.0,65,175,12,15,3,10.0,7.5,40,2,1,3
1980,0,3,43,12,6,2,41.5,64,120,9,12,3,9.9,3.3,30,2,1,2
1599,0,3,45,12,6,2,55.2,63,167,11,12,1,21.2,15.1,20,1,1,3
4219,0,3,40,14,6,2,42.9,62,165,7,11,1,20.4,15.8,40,1,0,4
327,0,3,44,16,4,3,63.4,69,170,15,16,3,20.4,10.8,45,2,0,1
11797,0,1,38,14,6,1,41.5,69,270,15,18,3,10.0,17.7,30,2,1,2
2948,0,3,45,16,4,2,60.1,64,135,15,19,5,16.7,10.0,27,1,1,2
1745,0,3,38,17,4,2,59.8,64,145,16,18,2,11.7,31.3,40,1,1,3
2680,0,3,41,17,4,2,56.8,63,125,12,13,1,16.8,68.9,40,1,1,4
3413,0,3,44,12,6,2,62.8,65,250,12,10,2,15.3,13.5,40,2,1,2
4292,0,3,45,14,6,2,56.5,67,147,13,11,3,17.0,17.6,40,1,1,4
1110,0,3,39,12,6,2,48.6,64,106,10,12,5,4.3,7.0,40,2,1,4
5373,0,3,41,16,4,2,62.8,66,130,16,16,3,15.9,20.0,25,1,0,2
5482,0,1,42,12,6,3,30.6,63,170,12,12,3,19.9,10.4,48,2,1,4
5502,0,3,40,12,6,2,43.7,66,135,12,10,1,21.0,8.3,40,2,0,4
2452,0,3,42,12,6,2,47.8,62,160,10,12,3,23.6,12.0,45,1,1,2
12046,0,3,43,16,4,2,59.8,64,135,16,20,1,9.9,7.3,15,1,1,2
354,0,3,45,12,6,2,58.4,64,133,12,12,4,17.9,8.6,20,2,1,1
2521,0,3,39,12,6,2,37.2,62,160,12,12,4,14.7,10.2,32,1,1,2
3309,0,1,41,17,4,1,61.4,67,214,12,15,3,14.9,24.0,40,2,1,4
2129,0,3,41,12,6,2,48.9,65,238,10,6,3,15.0,7.3,40,2,1,4
4267,0,3,44,14,6,2,42.9,61,260,0,1,6,18.7,7.5,40,1,0,4
1313,0,1,41,12,6,3,28.7,63,208,12,9,1,6.6,8.3,18,2,1,4
3475,0,3,41,12,6,2,37.7,65,155,14,12,2,17.5,10.9,45,1,1,2
1730,0,3,44,16,4,2,59.3,58,180,12,12,4,16.2,24.0,38,2,1,3
5037,0,3,43,14,6,2,50.5,72,220,14,16,2,23.1,7.8,37,1,1,4
1623,0,3,42,17,6,1,65.8,67,300,16,16,1,18.2,7.5,15,3,1,3
5014,0,3,38,10,7,2,33.4,67,170,12,11,0,8.2,9.0,40,2,0,4
2946,0,3,38,16,5,2,58.7,67,165,12,12,3,12.0,26.9,40,2,1,1
4103,0,3,43,12,6,3,51.6,62,170,10,8,5,23.1,16.6,40,1,1,4
5450,0,3,41,12,6,2,40.5,66,130,7,7,3,18.6,11.5,20,2,0,4
2242,0,3,44,15,5,1,53.5,60,220,12,9,3,18.9,19.4,45,1,0,4
5264,0,3,45,12,4,2,34.5,63,250,0,8,3,21.7,21.3,40,1,1,3
1394,0,3,42,15,5,2,57.6,66,132,11,10,4,17.1,23.0,40,1,1,4
43,0,3,41,12,6,2,34.2,64,205,10,9,2,10.6,6.5,20,2,1,1
4585,0,3,40,10,0,3,59.0,64,190,14,10,2,12.5,12.0,33,2,1,3
2211,0,1,41,12,6,1,40.2,68,225,11,12,5,23.0,10.8,48,2,1,4
1775,0,2,38,13,6,2,44.8,60,125,9,10,1,5.2,12.3,40,1,1,4
1071,0,1,40,12,6,2,37.2,62,179,10,10,3,8.9,6.8,20,2,1,4
1087,0,3,39,18,3,2,66.1,64,107,16,18,2,8.2,23.1,10,1,1,2
2103,0,3,45,13,6,2,50.0,64,113,10,10,8,23.4,12.0,36,1,0,2
11905,0,3,42,15,5,2,51.9,66,190,8,8,4,16.7,16.0,60,2,1,3
648,0,3,38,13,6,3,46.5,62,130,12,17,1,12.4,10.0,40,2,1,2
3546,0,1,38,15,6,2,48.6,62,183,12,11,4,15.6,20.9,58,2,1,2
1240,0,3,38,18,3,2,59.0,69,200,12,12,1,9.9,21.1,40,2,0,4
5488,0,3,44,11,7,3,37.7,60,138,6,13,3,14.7,5.4,35,2,0,4
2299,0,3,45,16,4,2,65.3,64,148,16,16,5,19.1,16.1,50,1,0,4
4034,0,3,42,12,6,2,56.0,65,145,12,12,5,23.5,15.4,40,2,0,4
5301,0,3,39,12,6,2,57.9,60,126,12,12,2,17.5,19.6,32,2,1,4
5305,0,3,40,12,6,2,42.6,59,135,12,9,3,6.0,7.3,45,2,0,2
12099,0,3,37,18,4,2,54.9,68,158,14,18,1,11.5,11.0,12,1,1,3
12087,0,3,45,13,5,2,42.9,65,180,9,12,2,17.3,8.5,30,2,1,2
3544,0,1,39,12,6,3,34.7,64,255,11,11,13,6.1,7.8,12,2,1,2
2074,0,3,40,12,6,3,56.3,68,150,12,10,5,22.0,22.0,40,2,0,2
2629,0,3,40,12,6,2,55.4,61,125,12,13,8,23.1,14.9,40,1,2,4
1826,0,3,41,12,6,2,54.1,67,200,12,8,5,23.2,20.3,40,1,1,3
2748,0,3,45,12,6,2,32.5,66,138,7,11,2,22.7,17.8,40,2,0,4
4686,0,3,43,17,4,1,62.5,70,220,12,14,1,17.9,23.6,50,2,1,4
5041,0,2,41,12,6,2,39.4,65,210,0,0,13,10.7,7.1,37,1,1,4
12005,0,1,40,15,6,1,45.6,62,170,10,8,2,16.6,16.0,45,2,1,1
1296,0,3,40,12,6,2,43.7,60,130,7,7,0,18.7,5.3,40,2,0,4
1423,0,3,44,12,6,2,54.1,64,220,10,10,3,14.6,17.7,40,2,0,4
388,0,1,39,15,5,1,57.4,61,200,12,14,4,11.9,30.0,40,2,1,1
1548,0,3,41,10,7,3,48.9,64,120,10,10,1,16.2,7.0,50,2,1,3
2936,0,3,43,18,4,3,53.3,67,208,15,11,2,16.0,24.2,35,1,1,1
3781,0,3,42,16,4,2,57.1,66,160,20,12,2,18.2,27.4,40,2,1,2
2959,0,3,39,20,1,2,58.2,65,125,14,18,2,13.0,80.1,24,2,1,1
1546,0,3,42,12,6,2,42.4,64,120,10,12,3,15.4,2.1,26,2,1,4
3734,0,3,40,15,0,2,55.7,65,150,12,12,2,15.4,21.0,24,2,0,2
2246,0,3,42,13,6,1,57.1,65,125,16,12,2,19.6,8.4,40,2,1,4
2585,0,3,42,13,6,1,51.6,62,230,10,8,3,19.7,14.0,40,1,1,4
112,0,3,38,11,7,3,45.1,68,150,12,8,3,16.5,10.1,20,1,1,1
3151,0,3,40,12,6,3,44.5,64,150,8,12,3,14.8,15.0,20,2,1,1
1322,0,3,44,12,6,3,41.3,66,118,8,12,3,5.7,5.2,24,2,1,4
5351,0,3,38,18,3,2,58.2,65,128,12,12,3,13.2,18.0,40,1,1,4
1929,0,3,44,14,6,1,65.3,66,138,12,12,1,22.3,29.5,42,2,0,1
3787,0,3,45,15,6,3,58.2,64,150,12,12,0,11.6,6.3,40,1,1,2
2590,0,3,41,16,4,3,60.1,59,160,12,12,3,19.2,19.2,40,2,1,4
1255,0,3,39,18,3,3,63.9,64,126,12,14,2,16.3,31.3,40,2,1,3
3648,0,3,41,12,6,3,50.0,63,198,11,10,2,5.6,5.8,40,2,0,2
5049,0,3,43,13,6,2,56.5,67,128,12,10,4,17.8,9.0,40,2,2,4
219,0,3,42,20,3,2,56.0,65,130,12,11,1,16.2,34.6,40,1,1,1
4306,0,3,45,18,3,2,60.9,64,122,17,19,1,14.1,13.9,60,1,1,4
585,0,3,39,9,7,2,41.5,61,115,12,12,3,8.7,10.4,25,2,1,2
2205,0,3,40,14,5,2,51.4,64,182,12,13,3,19.2,12.0,42,2,0,4
288,0,3,40,12,6,1,40.2,65,190,10,9,4,4.6,8.7,38,2,1,1
936,0,3,41,14,5,2,51.4,63,135,12,12,6,20.7,15.8,20,2,1,2
528,0,3,38,12,6,2,43.2,62,120,12,12,2,15.6,30.8,50,2,0,2
2076,0,3,45,12,6,3,51.4,62,145,10,10,8,20.4,15.5,40,2,0,2
379,0,1,38,8,7,3,30.4,61,147,9,12,5,2.1,5.0,15,2,1,1
1965,0,3,41,12,6,2,51.1,63,105,12,8,5,19.6,10.0,40,1,0,4
4310,0,3,40,12,7,2,50.8,65,148,12,14,3,20.4,12.5,40,2,1,4
4890,0,3,44,13,0,3,52.7,63,130,16,12,3,21.9,10.0,40,1,0,2
2626,0,3,40,20,0,2,56.0,65,198,12,12,3,16.7,18.7,15,1,1,1
2462,0,3,43,11,7,2,45.1,64,187,8,14,2,5.6,8.0,42,2,0,2
405,0,3,42,13,6,2,42.6,60,110,12,15,4,20.2,12.5,40,1,1,1
3545,0,1,39,14,6,3,45.1,66,165,12,11,4,13.2,16.3,40,1,1,2
11953,0,3,42,12,6,2,45.9,69,281,7,8,4,23.1,8.5,40,1,1,4
1017,0,3,40,16,4,2,56.0,67,140,12,15,4,13.2,19.7,40,2,1,2
4589,0,3,42,12,6,2,49.2,66,145,12,12,3,15.2,13.7,40,2,1,3
935,0,3,44,12,6,2,49.4,64,180,12,12,6,14.9,9.5,25,1,0,2
1902,0,3,38,12,6,2,51.1,68,320,12,12,4,20.1,16.8,40,2,0,1
5066,0,3,38,18,3,2,51.1,63,190,12,12,0,15.0,6.2,40,1,0,4
1803,0,3,40,17,4,2,55.4,66,130,12,17,2,15.7,13.4,46,1,1,3
89,0,1,43,16,4,2,61.4,67,195,12,12,8,20.8,23.1,40,2,1,1
3652,0,3,40,10,7,3,35.3,65,140,10,12,6,16.1,14.2,40,2,1,2
2003,0,3,41,12,6,3,33.9,67,205,12,12,6,15.2,8.3,40,2,1,2
3096,0,3,43,13,6,2,56.3,63,112,12,10,3,6.4,10.0,24,2,1,2
1065,0,3,43,12,6,2,57.4,65,140,12,12,3,13.2,14.5,24,2,1,2
3355,0,3,42,14,5,3,57.9,65,152,11,14,2,13.6,18.4,45,2,1,2
1082,0,3,39,16,4,2,56.0,63,180,16,16,3,17.1,14.4,40,2,1,4
3651,0,3,42,16,4,2,56.0,66,170,10,12,5,18.8,23.9,44,2,0,2
1947,0,3,41,12,6,2,48.9,66,185,10,10,1,12.0,8.4,40,2,0,1
1233,0,3,42,14,5,2,48.6,68,120,12,12,3,18.6,17.0,52,2,1,4
1974,0,3,41,17,4,2,65.3,62,145,12,15,1,15.1,14.3,51,1,1,1
249,0,3,39,17,5,2,51.4,65,200,12,12,4,12.8,6.5,12,2,1,1
3964,0,3,44,16,4,2,60.4,63,150,11,6,2,16.2,13.0,20,1,1,4
4206,0,1,39,12,6,2,35.8,63,200,12,13,4,14.7,7.8,40,2,1,4
2690,0,2,40,12,6,2,45.1,60,130,5,4,1,17.7,12.8,40,2,1,4
1886,0,3,44,18,3,2,65.3,65,135,12,16,2,16.7,38.5,20,2,1,1
1502,0,3,38,16,4,2,63.6,66,150,16,16,3,7.3,28.0,26,2,1,4
4780,0,3,42,12,6,3,46.5,66,175,12,12,2,20.2,12.9,40,2,0,2
4190,0,3,41,20,4,3,63.9,67,135,9,12,4,9.8,24.1,55,2,1,3
2580,0,3,41,12,6,2,56.8,67,150,9,8,1,21.7,10.4,35,2,0,4
2570,0,3,40,16,4,2,59.5,67,230,12,12,1,17.0,16.0,25,2,1,2
3993,0,3,44,12,6,2,49.4,66,200,12,12,5,14.8,8.0,40,2,1,4
5199,0,3,44,15,6,2,57.1,62,131,16,18,5,15.1,10.0,33,1,0,1
2678,0,2,40,14,5,2,57.9,65,140,4,12,0,19.8,7.1,40,1,1,4
2934,0,3,40,7,7,2,34.5,48,145,7,4,3,10.8,8.0,25,2,1,2
5298,0,3,38,12,6,2,48.9,66,225,11,10,5,13.9,13.7,45,2,0,2
5282,0,3,43,13,6,2,47.5,67,140,13,13,3,18.4,13.8,40,2,0,2
591,0,2,38,14,6,3,62.0,63,122,12,16,2,18.3,16.4,41,1,1,2
4227,0,3,40,18,3,2,60.1,62,135,19,8,3,15.7,22.5,35,1,1,4
5386,0,3,41,16,4,1,59.5,66,180,14,12,3,19.3,120.2,40,2,1,4
2310,0,1,38,13,6,2,42.4,67,210,6,6,5,18.6,16.3,40,2,1,4
3061,0,3,44,16,4,2,53.8,68,150,13,12,5,20.7,24.0,20,1,0,4
664,0,3,42,17,3,2,52.4,69,190,12,17,4,14.0,18.1,45,1,1,4
2210,0,1,38,12,6,2,38.8,62,195,12,12,3,16.9,12.2,40,2,0,4
1276,0,3,38,16,4,3,58.4,64,158,12,16,3,15.0,16.3,40,2,1,4
1130,0,2,42,12,6,2,51.6,62,149,8,9,3,14.6,19.0,40,2,1,4
4378,0,3,41,12,6,2,45.9,65,130,12,12,3,13.1,53.3,13,3,0,3
1592,0,3,37,12,7,2,43.5,64,175,11,11,3,15.7,6.8,40,2,0,3
3248,0,3,39,12,6,2,54.6,66,140,12,12,2,20.0,18.2,40,1,0,1
1312,0,3,44,12,6,2,51.6,63,220,10,7,3,11.4,8.4,40,2,1,4
1074,0,1,40,12,6,1,35.8,66,230,10,12,3,20.0,9.5,30,1,1,4
2591,0,3,39,12,6,2,53.3,63,125,12,12,3,18.7,8.9,43,2,0,4
5104,0,3,39,14,6,2,53.3,67,176,12,12,4,19.4,13.8,40,1,0,4
1238,0,3,44,13,5,2,55.4,67,255,12,12,7,4.9,8.8,40,2,1,4
2294,0,3,38,16,4,2,52.7,60,140,12,12,2,9.8,8.6,38,1,0,4
3626,0,3,43,16,4,3,53.0,64,195,13,12,2,20.2,16.0,40,1,2,2
3832,0,3,39,12,6,3,45.1,66,135,12,12,3,19.0,21.3,40,2,1,3
2061,0,3,40,16,4,2,63.1,65,125,11,12,2,11.4,55.3,40,1,0,3
11774,0,3,40,12,6,2,50.8,68,258,13,12,1,19.2,18.3,40,2,1,1
3337,0,3,40,18,3,2,63.1,68,135,12,8,3,15.6,31.0,38,1,0,2
4459,0,3,41,12,7,1,46.5,66,260,16,12,2,20.1,10.0,38,2,0,3
2818,0,3,38,14,6,2,57.6,62,127,6,3,12,15.8,16.1,40,2,0,4
1327,0,3,40,12,6,2,52.2,64,180,12,11,3,21.7,13.2,54,2,0,4
3322,0,1,43,13,5,3,41.8,64,120,12,12,3,18.5,8.3,45,1,1,2
4826,0,3,41,18,3,2,56.3,67,125,12,12,2,15.2,25.1,42,1,1,2
1034,0,1,44,7,7,1,36.9,67,250,9,8,8,15.8,10.5,40,2,1,2
2405,0,3,42,16,5,2,33.4,66,140,10,9,5,7.1,17.0,45,2,1,3
5308,0,3,40,13,6,2,35.0,66,205,5,12,2,10.7,8.0,35,2,0,2
5103,0,3,40,12,6,2,50.3,70,198,12,12,4,15.7,8.3,60,2,0,4
12032,0,3,38,12,6,2,37.7,64,140,11,11,3,9.8,9.8,40,2,1,4
3846,0,3,38,12,6,2,53.5,64,140,12,12,4,20.5,24.4,41,1,0,2
2295,0,3,43,15,5,3,47.0,64,160,12,12,5,18.5,11.1,40,2,1,4
3406,0,3,38,17,4,1,56.5,62,200,12,16,2,16.1,11.9,51,2,0,2
4413,0,2,38,16,6,1,37.2,65,175,12,8,5,13.9,15.7,55,1,1,3
2434,0,3,44,12,6,3,59.0,68,175,12,12,6,16.5,15.0,40,2,0,2
2016,0,3,41,17,0,2,57.4,63,134,14,16,4,10.3,20.6,41,1,1,2
855,0,3,43,12,6,2,57.9,64,120,12,16,6,23.3,7.8,20,2,0,2
3576,0,3,42,12,6,2,53.0,66,155,12,12,4,7.6,6.0,16,2,0,2
952,0,3,38,12,6,2,53.8,63,140,12,12,3,18.4,23.0,20,2,1,2
4849,0,3,38,12,6,3,48.4,69,160,12,10,3,14.2,6.9,45,2,0,2
21,0,3,40,16,4,2,63.4,62,160,12,18,2,18.0,38.5,45,2,1,1
5195,0,3,40,12,6,3,55.4,66,158,12,12,1,16.3,13.6,40,2,1,3
953,0,3,43,12,6,3,60.1,62,121,9,12,4,19.2,9.5,40,2,1,2
849,0,3,42,12,6,1,46.5,62,197,12,8,4,19.9,11.9,42,2,1,2
244,0,3,45,12,6,2,60.6,62,230,16,7,4,18.1,7.0,15,1,0,1
5372,0,3,43,16,4,2,63.9,69,140,16,16,3,14.7,7.7,25,1,1,2
2740,0,3,38,16,4,2,50.5,63,200,11,12,3,16.0,41.9,40,1,0,4
3107,0,3,38,15,6,2,50.0,68,175,12,12,2,17.3,11.1,40,2,1,1
1616,0,3,44,14,5,2,62.5,62,140,16,14,4,15.1,19.8,44,1,1,3
3809,0,3,40,16,4,2,63.6,68,140,16,18,1,19.0,25.8,56,2,1,2
5280,0,3,39,12,6,2,39.9,67,165,7,8,5,14.7,12.3,45,2,0,2
1141,0,3,43,12,6,3,42.6,64,160,12,15,2,20.1,11.0,40,2,2,4
2775,0,3,42,12,0,2,58.4,64,180,5,8,5,17.5,14.5,40,1,0,4
1495,0,3,44,12,6,2,44.8,60,150,9,5,3,20.9,8.3,37,2,1,4
5055,0,3,40,14,5,1,49.2,62,120,12,13,2,19.3,10.5,55,2,1,4
896,0,3,40,16,4,2,65.0,64,135,16,17,3,16.0,9.0,15,1,1,2
5148,0,3,44,12,6,2,47.5,64,120,12,9,3,11.6,18.8,32,2,1,3
4600,0,3,38,12,6,2,53.8,67,140,12,12,2,17.7,20.0,32,1,1,3
810,0,3,42,16,4,2,62.0,60,125,12,12,4,19.5,36.2,52,2,1,4
5128,0,3,40,11,7,3,54.1,67,180,11,10,1,17.4,11.5,45,2,1,3
2230,0,3,37,16,4,2,58.2,65,170,12,12,2,16.5,21.8,32,2,0,4
3457,0,3,39,14,5,3,39.6,63,115,14,12,4,17.6,13.8,38,2,1,2
2424,0,3,39,12,6,2,57.4,69,250,12,9,5,16.1,10.2,40,2,0,2
401,0,3,41,12,6,2,44.8,59,135,11,11,3,15.9,6.8,33,1,1,1
834,0,1,42,12,6,3,38.8,62,187,12,12,8,12.3,9.4,40,1,1,2
2286,0,3,38,16,4,2,61.2,64,112,16,14,2,16.0,23.3,40,2,1,1
3897,0,3,41,17,4,3,50.5,67,137,15,16,3,17.6,48.1,40,2,1,2
4769,0,3,42,12,6,3,52.4,67,150,12,10,3,18.9,11.5,32,2,0,2
2275,0,3,37,12,6,2,43.2,63,145,12,12,1,17.4,9.3,40,2,0,4
704,0,3,44,13,5,2,52.7,72,200,12,14,4,22.1,23.0,40,2,0,2
4872,0,3,39,17,4,1,40.5,66,184,12,13,2,10.2,21.9,43,1,0,2
1223,0,1,38,13,6,1,29.5,69,153,11,9,4,16.1,6.8,40,2,1,4
1427,0,3,38,14,6,1,58.4,65,133,16,20,2,14.9,38.3,40,1,1,4
11878,0,3,38,12,6,3,42.6,62,165,9,12,5,6.2,9.3,50,2,1,2
12042,0,3,39,12,6,2,33.4,67,174,12,14,3,20.9,13.0,20,2,1,4
2049,0,3,40,16,6,2,62.0,70,165,12,8,5,18.1,16.2,38,2,0,2
743,0,3,42,18,3,2,59.8,68,140,14,20,1,7.9,12.0,24,2,0,2
5115,0,3,43,12,6,2,52.4,68,200,6,7,3,21.3,10.5,45,1,1,4
655,0,3,42,16,4,2,48.4,63,140,12,14,6,14.3,23.1,30,2,1,2
5427,0,3,42,13,6,2,51.1,64,250,12,8,4,22.9,13.8,40,1,0,2
4376,0,3,45,14,6,2,56.8,68,245,12,11,2,19.9,18.0,40,1,1,3
2243,0,3,40,16,4,2,58.2,67,140,12,8,4,19.8,15.0,30,2,1,4
4045,0,3,40,16,4,3,47.3,66,145,9,11,4,12.3,15.0,40,2,0,4
1519,0,1,41,12,6,3,50.8,65,160,7,7,5,16.6,17.5,40,2,1,4
11752,0,1,44,12,6,2,39.9,61,153,12,12,4,18.3,9.5,40,2,1,4
862,0,3,43,11,7,2,55.2,62,140,9,12,1,15.4,21.6,40,2,1,2
12036,0,3,44,15,6,3,60.1,64,159,10,16,2,22.6,13.7,40,2,0,4
2942,0,1,37,13,6,1,36.4,60,140,12,12,2,13.8,15.0,14,2,1,1
4968,0,3,38,14,5,1,60.6,67,250,12,12,3,18.0,23.0,40,1,0,4
2394,0,3,44,12,6,3,62.0,72,150,12,12,4,4.4,14.5,45,2,1,3
3242,0,3,40,12,5,2,53.3,63,140,12,14,2,18.9,14.8,17,2,0,1
1655,0,3,45,14,6,2,52.7,64,140,12,12,4,18.4,15.8,20,2,1,3
1490,0,1,39,12,6,3,36.4,61,172,10,11,3,17.3,13.4,42,1,0,4
5387,0,3,40,16,6,2,56.5,68,178,12,8,6,12.7,30.0,35,2,1,2
1551,0,3,44,12,6,2,45.6,67,180,9,10,1,21.9,9.5,40,2,1,3
5614,0,1,37,12,6,2,37.5,60,175,12,12,7,14.9,9.8,40,2,1,4
682,0,1,39,12,6,1,43.5,68,190,9,8,12,7.3,9.5,40,1,1,2
1564,0,3,42,14,4,2,61.4,67,155,13,14,2,19.3,17.3,40,2,1,3
4373,0,3,38,12,6,2,44.8,62,125,12,20,2,21.2,27.5,51,2,1,3
1444,0,2,40,13,6,1,50.3,62,190,10,11,2,18.1,3.9,45,2,1,4
1056,0,3,42,12,6,3,39.1,62,95,11,12,2,18.8,11.1,40,2,1,2
